id,name,company,aliases,industry,match_rule,class_period_start,class_period_end,state_restriction,payout_min,payout_max,payout_note,proof_required,notice_id_required,claim_deadline,eligibility_summary,claim_url,source_url,verified_on,sample_inbox_result,sample_confidence,sample_primary_email,sample_supporting_emails
apple-siri,Apple Intelligence Siri False Advertising Settlement,Apple,apple; apple store; apple inc; apple.com,consumer electronics,purchase_in_period,2024-06-10,2025-03-29,,25,95,"$25 per device, adjusted pro rata; up to $95 if few people file",false,false,2026-12-21,"US residents who bought an iPhone 15 Pro, 15 Pro Max or any iPhone 16 model in the US between June 10, 2024 and March 29, 2025.",https://www.smartphoneaisettlement.com/,https://openclassactions.com/settlements/false-advertising/apple-intelligence-siri-false-advertising-class-action-settlement.php,2026-10-06,high,0.9,e01,
amazon-returns,Amazon Returns Settlement ($309.5M),Amazon,amazon; amazon.com; amzn; amazon mktp,retail / e-commerce,purchase_in_period,2017-09-05,,,,,Varies by refund amount,true,true,2026-12-01,"Amazon customers whose refund for a returned product was missing, late, incorrect or charged back on or after September 5, 2017. Subclass A is paid automatically; Subclass B must file with the Notice ID.",https://www.returnsettlement.com/,https://topclassactions.com/lawsuit-settlements/open-lawsuit-settlements/309-5m-amazon-return-policy-class-action-settlement/,2026-10-06,high,0.95,e07,e08
cvs-digital-privacy,CVS Digital Privacy Settlement,CVS,cvs; cvs pharmacy; cvs health; cvs.com; extracare,pharmacy / retail,account_in_period,,2026-07-27,,5,10,"Up to $5 with no documentation, up to $10 with proof such as dated screenshots",false,false,2026-11-16,"Anyone who used a CVS website, the CVS Health website or the CVS app in the US before July 27, 2026. A store visit alone does not count; one claim per household.",https://www.cvsdigitalprivacysettlement.com/,https://openclassactions.com/settlements/cvs-digital-privacy-class-action-settlement.php,2026-10-06,high,0.86,e06,e25
dr-squatch-natural,"Dr. Squatch ""Natural"" Labels Settlement",Dr. Squatch,dr. squatch; dr squatch; drsquatch; squatch,personal care / DTC subscription,purchase_in_period,2018-11-01,2026-08-29,,2.5,12.5,"$0.50 per product: 5 products on attestation, up to 25 with receipts",false,false,2026-11-27,"People who bought Dr. Squatch personal care products labeled ""natural"" in the US between November 1, 2018 and August 29, 2026.",https://www.personalcareproductssettlement.com/,https://openclassactions.com/settlements/false-advertising/dr-squatch-natural-class-action-settlement.php,2026-10-06,high,0.86,e04,e15
levoit-hepa,"Levoit Air Purifier ""HEPA"" Labels Settlement",Levoit,levoit,home appliances,purchase_in_period,2019-08-29,2023-08-04,,10,10,$10 digital payment,true,false,2026-11-03,"People who bought a Levoit Core or EverestAir air purifier or replacement filter labeled ""True HEPA"", ""HEPA"" or ""H13"" in the US between August 29, 2019 and August 4, 2023. Proof of purchase date required.",https://www.lapsettlement.com/,https://openclassactions.com/settlements/false-advertising/levoit-air-purifier-hepa-class-action-settlement.php,2026-10-06,high,0.9,e02,
thinkware-dashcam,Thinkware Dash Cam Settlement,Thinkware,thinkware,consumer electronics / auto,purchase_in_period,2019-01-25,2024-08-31,,6.7,6.7,About $6.70 per camera; one camera without a receipt,false,false,2026-12-14,"Drivers who bought a Thinkware X700, F200PRO, F70PRO, DC-M2-FG or DC-M2-FG-IR dash cam in the US between January 25, 2019 and August 31, 2024.",https://www.twcamerasettlement.com/,https://openclassactions.com/settlements/false-advertising/thinkware-dash-cam-class-action-settlement.php,2026-10-06,high,0.9,e03,
bestway-pools,Bestway Above-Ground Pools Settlement ($15M),Bestway,bestway,home / outdoor,purchase_in_period,2008-01-01,2024-12-31,,40,,"$40 without a receipt, or 10% of the price with proof of purchase",false,false,2026-10-30,"People who bought a Bestway-branded above-ground pool 48 inches or taller, with compression straps outside the support poles, sold between 2008 and 2024.",https://www.poolsettlementbw.com/,https://openclassactions.com/settlements/product-defects/bestway-above-ground-pools-class-action-settlement.php,2026-10-06,not shown,,,
flo-period-tracker,Flo Period Tracker Privacy Settlement ($59.5M),Flo Health,flo; flo health; flo.health; flo app,apps,account_in_period,2016-11-01,2019-02-28,,,,Pro rata share of $59.5M; California residents may get a double share,false,false,2026-10-15,US users who logged period or pregnancy data in the Flo app between November 2016 and February 2019. No Unique ID or PIN needed.,https://www.periodtrackerdataprivacylitigation.com/,https://openclassactions.com/settlements/flo-health-app-privacy-settlement.php,2026-10-06,high,0.81,e12,
ted-vppa,TED Video Privacy Settlement (Sutton v. TED Foundation),TED,ted; ted conferences; ted foundation; ted.com,streaming / video,account_in_period,2021-10-19,2026-07-14,,5,10,"Two free months of membership (valued at $10+) automatically, or $5 cash with a claim",false,true,2026-10-26,"US TED account holders who watched a pre-recorded video on ted.com or the TED iOS/Android apps between October 19, 2021 and July 14, 2026.",https://www.tedvppasettlement.com/,https://openclassactions.com/settlements/vppa/ted-foundation-vppa-video-privacy-settlement.php,2026-10-06,high,0.99,e31,e13; e26
mdlive-privacy,MDLive Patient Portal Privacy Settlement ($3.5M),MDLive,mdlive; mdlive inc; evernorth; patient.mdlive.com,apps / telehealth,account_in_period,2023-05-30,2025-08-11,,,15,"Up to $15, pro rata",false,,2026-12-01,"MDLive users who signed in to patient.mdlive.com and used the portal between May 30, 2023 and August 11, 2025, and had an active Facebook or Google account then.",https://ehisettlement.com/,https://topclassactions.com/lawsuit-settlements/open-lawsuit-settlements/3-5m-mdlive-data-privacy-class-action-settlement/,2026-10-06,possible,0.35,e24,
equifax-hard-inquiry,Equifax Hard Inquiry Dispute Settlement ($30M),Equifax,equifax; equifax information services,banks / credit,dispute_in_period,2021-08-31,2026-03-27,,100,400,"About $100 (General), $300 (Certified), $400 (New York subclass)",false,false,2026-11-29,"US residents who disputed one or more hard inquiries on their credit report with Equifax between Aug 31, 2021 and Mar 27, 2026 (General Dispute Group); a larger payment applies to some mailed disputes back to Oct 4, 2016.",https://www.equifaxdisputeclassaction.com/,https://topclassactions.com/lawsuit-settlements/open-lawsuit-settlements/30m-equifax-hard-inquiry-dispute-class-action-settlement/,2026-10-06,likely,0.7,e23,
lands-end-breach,Lands' End Data Breach Settlement,Lands' End,lands' end; lands end; landsend; landsend.com,retail,breach_notice,,,,60,5000,"About $60 with no receipts, or up to $5,000 documented, plus 2 years of monitoring",false,true,2026-10-22,People affected by the December 2024 Lands' End data breach (those sent a notice). Login ID and PIN from the notice are required.,,https://openclassactions.com/settlements/lands-end-data-breach-class-action-settlement.php,2026-10-06,high,0.91,e28,e27
equinox-breach,"Equinox, Inc. Data Breach Settlement","Equinox, Inc.","equinox, inc.; equinox inc","healthcare / behavioral health nonprofit (Albany, NY)",breach_notice,,,,100,5000,"Estimated $100 pro rata and/or up to $5,000 documented, plus up to 3 years of monitoring",false,true,2026-10-23,"US residents who were sent a notice by Equinox, Inc. (Albany, NY nonprofit health provider) that their information may have been affected in the data incident detected on or about April 29, 2024.",https://www.equinoxincsettlement.com/,https://openclassactions.com/settlements/privacy/equinox-data-breach-settlement.php,2026-10-06,high,0.86,e29,
autobell-breach,Autobell Car Wash Data Breach Settlement,Autobell,autobell; autobell car wash,car services,breach_notice,,,,45,5000,"$45 with no documentation, or up to $5,000 documented, plus 2 years of credit monitoring",false,true,2026-11-12,People notified of the April 2024 cyberattack on the Autobell Car Wash chain.,,https://openclassactions.com/settlements/data-breaches/autobell-car-wash-data-breach-settlement.php,2026-10-06,high,0.91,e30,e22
venetian-privacy,Venetian Las Vegas Website Privacy Settlement ($1.6M),The Venetian Resort Las Vegas,venetian; the venetian; venetian resort; venetian las vegas; venetianlasvegas.com,travel / hotels,purchase_in_period,2024-09-18,2026-03-16,CA,3.6,71.39,"About $71.39 for bookers, about $3.60 for browsers",false,false,2026-11-24,"California residents who booked a stay on venetianlasvegas.com, or browsed the site, while in California between September 18, 2024 and March 16, 2026.",https://www.venetianlasvegassettlement.com/,https://openclassactions.com/settlements/privacy/venetian-las-vegas-website-privacy-settlement.php,2026-10-06,high,0.9,e09,
raging-waters-fee,Raging Waters Processing Fee Settlement ($850K),Raging Waters,raging waters; ragingwaters; ragingwaters.com,travel / leisure tickets,purchase_in_period,2020-06-01,2026-06-22,,,,"Pro rata share of about $483,000 net, calculated from Raging Waters' records",false,true,2026-11-24,"US residents who bought admission tickets on ragingwaters.com between June 1, 2020 and June 22, 2026 and paid a ""Processing Fee"". Notice ID and Confirmation Code required.",https://www.ragingwaterssettlement.com/,https://openclassactions.com/settlements/deceptive-pricing/raging-waters-processing-fee-class-action-settlement.php,2026-10-06,high,0.99,e32,e05
kroger-rx-pricing,Kroger Prescription Pricing Settlement ($17M),Kroger,kroger; kroger pharmacy; ralphs; fred meyer,grocery / pharmacy,purchase_in_period,2018-12-09,2026-08-23,,,,"Pro rata share of $17M, weighted by amount paid",false,true,2026-12-21,"People in the US who paid anything toward a prescription filled with insurance at a Kroger-owned pharmacy between December 9, 2018 and August 23, 2026. Notice ID and Confirmation Code required.",https://www.krogersavingsclubsettlement.com/,https://openclassactions.com/settlements/pharmaceuticals/kroger-savings-club-prescription-pricing-class-action-settlement.php,2026-10-06,not shown,,,
